,id,Nombre,Nemo,Tipo,Potencia,Region,F_desde,F_hasta,lat,lon,provincia,Tipo_eco
0,639.0,P.E. ARAUCO II (ETAPA 1 Y 2),AR21EO,eolicas,99.75,NOA,2015-01-01T03:00:00Z,9999-12-01T03:00:00Z,-28.71325137507671,-66.70538536476309,La Rioja,Renovable
1,506.0,ARAUCO EOLICO,ARAUEO,eolicas,25.2,NOA,2015-01-01T03:00:00Z,9999-12-01T03:00:00Z,-28.70193863246841,-66.75204047299732,La Rioja,Renovable
2,568.0,ARAUCO EOLICO 2,ARA2EO,eolicas,25.2,CUY,2015-01-01T03:00:00Z,9999-12-01T03:00:00Z,-28.69297965806172,-66.75442466300751,La Rioja,Renovable
3,614.0,EL JUME,JUMEEO,eolicas,8.0,NOA,2015-01-01T03:00:00Z,9999-12-01T03:00:00Z,-29.419390882194023,-63.70965786088521,Santiago del Estero,Renovable
4,669.0,P.E. Achiras,ACHIEO,eolicas,48.0,CEN,2015-01-01T03:00:00Z,9999-12-01T03:00:00Z,-33.213183892153985,-65.08005854387034,Córdoba,Renovable
5,863.0,Parque eólico Los Olivos,OLIVEO,eolicas,22.8,CEN,2015-01-01T03:00:00Z,9999-12-01T03:00:00Z,-33.23176772580827,-65.07577345512344,Córdoba,Renovable
6,820.0,Parque eólico Manque,MANQEO,eolicas,57.0,CEN,2015-01-01T03:00:00Z,9999-12-01T03:00:00Z,-33.228753062143475,-65.07507758276614,Córdoba,Renovable
7,674.0,P.E.  Bicentenario,BICEEO,eolicas,100.8,PAT,2015-01-01T03:00:00Z,9999-12-01T03:00:00Z,-47.29840109685662,-66.9979024905904,Santa Cruz,Renovable
8,825.0,Parque Eólico del Bicentenario II (MATER),BIC2EO,eolicas,25.2,PAT,2015-01-01T03:00:00Z,9999-12-01T03:00:00Z,-47.3098602165833,-67.01354943277428,Santa Cruz,Renovable
9,871.0,P.E. Cañadon Leon (ampliacion),LEO1EO,eolicas,21.15,PAT,2015-01-01T03:00:00Z,9999-12-01T03:00:00Z,-46.58868692505683,-67.64311746261487,Santa Cruz,Renovable
10,651.0,PE CAÑADON LEON,LEONEO,eolicas,99.0,PAT,2015-01-01T03:00:00Z,9999-12-01T03:00:00Z,-46.58811446592826,-67.64421076120377,Santa Cruz,Renovable
11,652.0,PE LOS HERCULES,LHEREO,eolicas,97.2,PAT,2015-01-01T03:00:00Z,9999-12-01T03:00:00Z,-46.63108585943432,-68.38525914722364,Santa Cruz,Renovable
12,562.0,EL TORDILLO,TORDEO,eolicas,3.0,PAT,2015-01-01T03:00:00Z,9999-12-01T03:00:00Z,-45.85351164320858,-67.90808706250002,Chubut,Renovable
13,648.0,P.E. Kosten,KOSTEO,eolicas,24.0,PAT,2015-01-01T03:00:00Z,9999-12-01T03:00:00Z,-45.80908375940685,-68.05533320109167,Chubut,Renovable
14,514.0,DIADEMA EOLICO,DIADEO,eolicas,6.3,PAT,2015-01-01T03:00:00Z,9999-12-01T03:00:00Z,-45.74655472022336,-67.69410422738136,Chubut,Renovable
15,751.0,P.E. DIADEMA II,DIA2EO,eolicas,27.6,PAT,2015-01-01T03:00:00Z,9999-12-01T03:00:00Z,-45.75424305234864,-67.66582874542496,Chubut,Renovable
16,597.0,MANANTIALES BEHR (YPF),MANAEO,eolicas,99.0,PAT,2015-01-01T03:00:00Z,9999-12-01T03:00:00Z,-45.651355244101815,-67.75426158351952,Chubut,Renovable
17,522.0,MALASPINA1 ENAR,MAL1EO,eolicas,50.4,PAT,2015-01-01T03:00:00Z,9999-12-01T03:00:00Z,-44.96828305588791,-67.06181425150551,Chubut,Renovable
18,646.0,P.E. Garayalde,GARAEO,eolicas,24.15,PAT,2015-01-01T03:00:00Z,9999-12-01T03:00:00Z,-44.531491864618864,-66.47382520715331,Chubut,Renovable
19,580.0,RAWSON 3 EOLICO,RAW3EO,eolicas,25.05,PAT,2015-01-01T03:00:00Z,9999-12-01T03:00:00Z,-43.37216865643174,-65.19255704151983,Chubut,Renovable
20,517.0,RAWSONI  ENARSA,RAW1EO,eolicas,52.5,PAT,2015-01-01T03:00:00Z,9999-12-01T03:00:00Z,-43.34509652573272,-65.18551220362782,Chubut,Renovable
21,518.0,RAWSONII ENARSA,RAW2EO,eolicas,31.15,PAT,2015-01-01T03:00:00Z,9999-12-01T03:00:00Z,-43.34987857748446,-65.16257087163643,Chubut,Renovable
22,536.0,L.BLANC 4 ENARS,LOM4EO,eolicas,50.0,PAT,2015-01-01T03:00:00Z,9999-12-01T03:00:00Z,-43.117405973501896,-65.24723014289705,Chubut,Renovable
23,535.0,L.BLANC 3 ENARS,LOM3EO,eolicas,51.2,PAT,2015-01-01T03:00:00Z,9999-12-01T03:00:00Z,-43.03772397638277,-65.15859838069143,Chubut,Renovable
24,1135.0,L.BLANC 2 ENARS,LOM2EO,eolicas,51.2,PAT,2015-01-01T03:00:00Z,9999-12-01T03:00:00Z,-43.02838794969582,-65.21373773122967,Chubut,Renovable
25,533.0,L.BLANC 1 ENARS,LOM1EO,eolicas,51.2,PAT,2015-01-01T03:00:00Z,9999-12-01T03:00:00Z,-43.00508034371452,-65.12321911717822,Chubut,Renovable
26,689.0,PE L. Blanca 6,LOM6EO,eolicas,102.4,PAT,2015-01-01T03:00:00Z,9999-12-01T03:00:00Z,-42.90473517455093,-65.35519945547304,Chubut,Renovable
27,526.0,PMADRYN I ENARS,PMA1EO,eolicas,71.1,PAT,2015-01-01T03:00:00Z,9999-12-01T03:00:00Z,-42.70545677901764,-65.22969699173007,Chubut,Renovable
28,527.0,PMADRYNII ENARS,PMA2EO,eolicas,151.2,PAT,2015-01-01T03:00:00Z,9999-12-01T03:00:00Z,-42.70412076184972,-65.28423884856639,Chubut,Renovable
29,857.0,Parque eólico Autogeneración ALUAR,ALUAEO,eolicas,93.6,PAT,2015-01-01T03:00:00Z,9999-12-01T03:00:00Z,-42.6351158783007,-65.28429632343943,Chubut,Renovable
30,821.0,Parque eolico ALUAR I (MATER),ALU1EO,eolicas,50.4,PAT,2015-01-01T03:00:00Z,9999-12-01T03:00:00Z,-42.60877273616415,-65.27227947184213,Chubut,Renovable
31,747.0,P.E. CHUBUT NORTE III,CHN3EO,eolicas,57.66,PAT,2015-01-01T03:00:00Z,9999-12-01T03:00:00Z,-42.610233519999966,-65.18158512999997,Chubut,Renovable
32,644.0,PE Chubut Norte,CHNOEO,eolicas,28.8,PAT,2015-01-01T03:00:00Z,9999-12-01T03:00:00Z,-42.574954165902206,-65.11984777831236,Chubut,Renovable
33,873.0,P.E. CHUBUT NORTE II,CHN2EO,eolicas,26.0,PAT,2015-01-01T03:00:00Z,9999-12-01T03:00:00Z,-42.57034305061742,-65.12251927487483,Chubut,Renovable
34,748.0,P.E. CHUBUT NORTE IV,CHN4EO,eolicas,83.22,PAT,2015-01-01T03:00:00Z,9999-12-01T03:00:00Z,-42.56166329000001,-65.19153850999996,Chubut,Renovable
35,849.0,P.E. VIENTOS NEUQUINOS I,NEU1EO,eolicas,100.49,COM,2015-01-01T03:00:00Z,9999-12-01T03:00:00Z,-39.74540748575674,-69.76743326558538,Neuquén,Renovable
36,696.0,P.E. Pomona I,POM1EO,eolicas,101.4,COM,2015-01-01T03:00:00Z,9999-12-01T03:00:00Z,-39.55933426725547,-65.72693938922056,Río Negro,Renovable
37,835.0,Parque Eólico POMONA II (MATER),POM2EO,eolicas,11.7,COM,2015-01-01T03:00:00Z,9999-12-01T03:00:00Z,-39.55981611149467,-65.7265611056351,Río Negro,Renovable
38,673.0,PE La Banderita,BANDEO,eolicas,39.6,COM,2015-01-01T03:00:00Z,9999-12-01T03:00:00Z,-37.48720358353259,-64.76158049976414,La Pampa,Renovable
39,842.0,EÓLICO VILLALONGA II GENNEIA (MATER),VLO2EO,eolicas,3.45,BSAS,2015-01-01T03:00:00Z,9999-12-01T03:00:00Z,-40.03973051779777,-62.65978069093374,Buenos Aires,Renovable
40,582.0,VILLALONGA EOLI,VLONEO,eolicas,51.75,BSAS,2015-01-01T03:00:00Z,9999-12-01T03:00:00Z,-40.0267501954804,-62.65875817114113,Buenos Aires,Renovable
41,823.0,P.E. Pampa Energía III,BAHIEO,eolicas,86.4,BSAS,2015-01-01T03:00:00Z,9999-12-01T03:00:00Z,-38.75298900747349,-61.77164638565147,Buenos Aires,Renovable
42,834.0,Parque Eólico Pampa Energía (MATER),PAMEEO,eolicas,50.4,BSAS,2015-01-01T03:00:00Z,9999-12-01T03:00:00Z,-38.69586086233547,-62.00217819626178,Buenos Aires,Renovable
43,645.0,P.E. CORTI,CORTEO,eolicas,100.0,BSAS,2015-01-01T03:00:00Z,9999-12-01T03:00:00Z,-38.674887862159466,-62.02596591194228,Buenos Aires,Renovable
44,649.0,PE La Castellana,LCASEO,eolicas,100.8,BSAS,2015-01-01T03:00:00Z,9999-12-01T03:00:00Z,-38.62858647811901,-62.70867806195045,Buenos Aires,Renovable
45,830.0,Parque Eólico La Castellana II (MATER),LCA2EO,eolicas,15.2,BSAS,2015-01-01T03:00:00Z,9999-12-01T03:00:00Z,-38.62175423703675,-62.763622295929366,Buenos Aires,Renovable
46,829.0,Parque Eólico Vientos La Genoveva II (MATER),GNV2EO,eolicas,41.8,BSAS,2015-01-01T03:00:00Z,9999-12-01T03:00:00Z,-38.56304315624503,-61.92805179161478,Buenos Aires,Renovable
47,763.0,P.E. LA GENOVEVA,GNV1EO,eolicas,88.2,BSAS,2015-01-01T03:00:00Z,9999-12-01T03:00:00Z,-38.55533018409829,-61.9442952415619,Buenos Aires,Renovable
48,647.0,PE GARCÍA DEL RÍO,GRIOEO,eolicas,10.0,BSAS,2015-01-01T03:00:00Z,9999-12-01T03:00:00Z,-38.40682928472571,-62.25974509152916,Buenos Aires,Renovable
49,828.0,P.E. ENERGETICA I fase 2 (MATER),EN1MEO,eolicas,19.95,BSAS,2015-01-01T03:00:00Z,9999-12-01T03:00:00Z,-38.3595506224662,-62.24679194681628,Buenos Aires,Renovable
50,754.0,P.E. ENERGETICA I,ENE1EO,eolicas,79.8,BSAS,2015-01-01T03:00:00Z,9999-12-01T03:00:00Z,-38.35734287395847,-62.21930646509544,Buenos Aires,Renovable
51,866.0,Parque eólico San Jorge y El Mataco,SJMTEO,eolicas,203.4,BSAS,2015-01-01T03:00:00Z,9999-12-01T03:00:00Z,-38.33714464589652,-62.28061402728601,Buenos Aires,Renovable
52,691.0,P.E. Miramar,MIRAEO,eolicas,98.6,BSAS,2015-01-01T03:00:00Z,9999-12-01T03:00:00Z,-38.22607831835527,-58.04823131329422,Buenos Aires,Renovable
53,692.0,C.At.Necochea I,NEC1EO,eolicas,37.95,BSAS,2015-01-01T03:00:00Z,9999-12-01T03:00:00Z,-38.6167614619435,-58.827759498770455,Buenos Aires,Renovable
54,867.0,Parque Eólico  Los Teros II (MATER),TER2EO,eolicas,52.39,BSAS,2015-01-01T03:00:00Z,9999-12-01T03:00:00Z,-37.13821886921624,-59.8143353598614,Buenos Aires,Renovable
55,840.0,Parque Eólico Los Teros,TEROEO,eolicas,122.56,BSAS,2015-01-01T03:00:00Z,9999-12-01T03:00:00Z,-37.12948197310419,-59.75992337548369,Buenos Aires,Renovable
56,391.0,F. AMEGHINO,AMEGHI,hidraulica,46.8,PAT,2015-01-01T03:00:00Z,9999-12-01T03:00:00Z,-43.69919138277291,-66.48176107702609,Chubut,Renovable
57,389.0,FUTALEUFU,FUTAHI,hidraulica,532.0,PAT,2015-01-01T03:00:00Z,9999-12-01T03:00:00Z,-43.12918570041251,-71.62994868923936,Chubut,Renovable
58,697.0,H RIO ESCONDIDO,RESCHI,hidraulica,7.2,COM,2015-01-01T03:00:00Z,9999-12-01T03:00:00Z,-41.69133596391463,-71.56193287223144,Río Negro,Renovable
59,62.0,ALICURA,ALICHI,hidraulica,1050.0,COM,2015-01-01T03:00:00Z,9999-12-01T03:00:00Z,-40.58419649266092,-70.74742630623528,Neuquén,Renovable
60,63.0,PIEDRA D AGUILA,PAGUHI,hidraulica,1400.0,COM,2015-01-01T03:00:00Z,9999-12-01T03:00:00Z,-40.18983804924847,-69.9917941724361,Neuquén,Renovable
61,302.0,PICHI P. LEUFU,PPLEHI,hidraulica,285.0,COM,2015-01-01T03:00:00Z,9999-12-01T03:00:00Z,-40.01250878991134,-69.98495141371495,Río Negro,Renovable
62,59.0,CHOCON,CHOCHI,hidraulica,1260.0,COM,2015-01-01T03:00:00Z,9999-12-01T03:00:00Z,-39.2658472988655,-68.7560382965823,Neuquén,Renovable
63,61.0,ARROYITO,ARROHI,hidraulica,127.8,COM,2015-01-01T03:00:00Z,9999-12-01T03:00:00Z,-39.10712154281761,-68.58545090823768,Neuquén,Renovable
64,82.0,CESPEDES,CESPHI,hidraulica,5.2,COM,2015-01-01T03:00:00Z,9999-12-01T03:00:00Z,-39.559952344474695,-65.68193659124027,Río Negro,Renovable
65,79.0,GRAL. ROCA,GROCHI,hidraulica,1.0,COM,2015-01-01T03:00:00Z,9999-12-01T03:00:00Z,-39.02356366189623,-67.56950193925017,Río Negro,Renovable
66,80.0,CIPOLLETTI,CIPOHI,hidraulica,5.4,COM,2015-01-01T03:00:00Z,9999-12-01T03:00:00Z,-38.913149725540784,-67.9419236685025,Río Negro,Renovable
67,81.0,JULIAN ROMERO,ROMEHI,hidraulica,6.2,COM,2015-01-01T03:00:00Z,9999-12-01T03:00:00Z,-38.83663022688351,-68.03748819389928,Río Negro,Renovable
68,60.0,P. BANDERITA,PBANHI,hidraulica,472.0,COM,2015-01-01T03:00:00Z,9999-12-01T03:00:00Z,-38.55960663962625,-68.4744459885959,Neuquén,Renovable
69,509.0,SALTO ANDERSEN,SANDHI,hidraulica,8.0,COM,2015-01-01T03:00:00Z,9999-12-01T03:00:00Z,-38.82139794024728,-64.81720787593449,Río Negro,Renovable
70,198.0,CASA DE PIEDRA,CPIEHI,hidraulica,60.0,COM,2015-01-01T03:00:00Z,9999-12-01T03:00:00Z,-38.21432964164898,-67.19068168654454,Río Negro,Renovable
71,90.0,DIVISADEROS,DIVIHI,hidraulica,10.0,COM,2015-01-01T03:00:00Z,9999-12-01T03:00:00Z,-37.87163721187255,-67.68962736230355,La Pampa,Renovable
72,99.0,YACYRETA,YACYHI,hidraulica,2540.0,NEA,2015-01-01T03:00:00Z,9999-12-01T03:00:00Z,-27.48275734010248,-56.73927801465162,,Renovable
73,,URUGUA-Í,,hidraulica,140.0,NEA,2015-01-01T03:00:00Z,9999-12-01T03:00:00Z,-25.876619916374096,-54.56864260553339,Misiones,Renovable
74,64.0,S. GRANDE ARG,SGDEHIAR,hidraulica,945.0,LIT,2015-01-01T03:00:00Z,9999-12-01T03:00:00Z,-31.27378206255044,-57.94126545085596,Entre Ríos,Renovable
75,65.0,S. GRANDE URU,SGDEHIUR,hidraulica,945.0,LIT,2015-01-01T03:00:00Z,9999-12-01T03:00:00Z,-31.27662400024801,-57.93557044258471,,Renovable
76,71.0,NIHUIL 1,NIH1HI,hidraulica,72.0,CUY,2015-01-01T03:00:00Z,9999-12-01T03:00:00Z,-34.995113985932925,-68.6308328986911,Mendoza,Renovable
77,72.0,NIHUIL 2,NIH2HI,hidraulica,110.0,CUY,2015-01-01T03:00:00Z,9999-12-01T03:00:00Z,-34.91229127979466,-68.6234147224122,Mendoza,Renovable
78,101.0,NIHUIL 3,NIH3HI,hidraulica,42.0,CUY,2015-01-01T03:00:00Z,9999-12-01T03:00:00Z,-34.88237995368919,-68.5753196996058,Mendoza,Renovable
79,241.0,NIHUIL 4,NIH4HI,hidraulica,18.0,CUY,2015-01-01T03:00:00Z,9999-12-01T03:00:00Z,-34.83328792304431,-68.51440366565966,Mendoza,Renovable
80,69.0,EL TIGRE,ETIGHI,hidraulica,14.0,CUY,2015-01-01T03:00:00Z,9999-12-01T03:00:00Z,-34.6079441332114,-68.61292982461657,Mendoza,Renovable
81,68.0,LOS REYUNOS,LREYHB,hidraulica,224.0,CUY,2015-01-01T03:00:00Z,9999-12-01T03:00:00Z,-34.602963582230984,-68.63840012927916,Mendoza,Renovable
82,67.0,AGUA DEL TORO,ADTOHI,hidraulica,150.0,CUY,2015-01-01T03:00:00Z,9999-12-01T03:00:00Z,-34.5793889212683,-68.98946561328228,Mendoza,Renovable
83,94.0,CH CARRIZAL,CARRHI,hidraulica,17.0,CUY,2015-01-01T03:00:00Z,9999-12-01T03:00:00Z,-33.299282261069095,-68.7199436163259,Mendoza,Renovable
84,702.0,H Tib. Benegas,TBENHI,hidraulica,1.7,CUY,2015-01-01T03:00:00Z,9999-12-01T03:00:00Z,-33.2430172094971,-68.68024286755265,Mendoza,Renovable
85,354.0,C.H. A.CONDARCO,CONDHI,hidraulica,74.0,CUY,2015-01-01T03:00:00Z,9999-12-01T03:00:00Z,-33.04443069732723,-69.05093542308717,Mendoza,Renovable
86,353.0,C.H.CACHEUTA,CACHHI,hidraulica,120.0,CUY,2015-01-01T03:00:00Z,9999-12-01T03:00:00Z,-33.02742175303501,-69.11236408059952,Mendoza,Renovable
87,88.0,CH SAN MARTIN,SMARHI,hidraulica,6.48,CUY,2015-01-01T03:00:00Z,9999-12-01T03:00:00Z,-33.0450137852746,-68.9218160120265,Mendoza,Renovable
88,682.0,H Guaym. Slto 6,GUA6HI,hidraulica,1.2,CUY,2015-01-01T03:00:00Z,9999-12-01T03:00:00Z,-33.03225352836263,-68.89576408542413,Mendoza,Renovable
89,683.0,H Guaym. Slto 8,GUA8HI,hidraulica,1.2,CUY,2015-01-01T03:00:00Z,9999-12-01T03:00:00Z,-33.02139713970675,-68.88262724561757,Mendoza,Renovable
90,818.0,P.A.H. SALTO 11 CANAL CACIQUE GUAYMALLEN,GU11HI,hidraulica,0.52,CUY,2015-01-01T03:00:00Z,9999-12-01T03:00:00Z,-33.00527753288853,-68.86867377868198,Mendoza,Renovable
91,817.0,P.A.H. SALTO 7 CANAL CACIQUE GUAYMALLEN,GUA7HI,hidraulica,1.2,CUY,2015-01-01T03:00:00Z,9999-12-01T03:00:00Z,-33.0257683099387,-68.8873640897713,Mendoza,Renovable
92,537.0,PAH L.D.CUYO EN,LDCUHI,hidraulica,1.0,CUY,2015-01-01T03:00:00Z,9999-12-01T03:00:00Z,-33.046384220409294,-68.93122993118651,Mendoza,Renovable
93,538.0,PAH LUJANITA EN,LUJAHI,hidraulica,1.7,CUY,2015-01-01T03:00:00Z,9999-12-01T03:00:00Z,-33.04273676182889,-68.91130719923763,Mendoza,Renovable
94,750.0,P.A.H. CRUZ DEL EJE,CREJHI,hidraulica,0.5,CEN,2015-01-01T03:00:00Z,9999-12-01T03:00:00Z,-30.74999167000001,-64.79606110999993,Córdoba,Renovable
95,86.0,SAN ROQUE,SROQHI,hidraulica,24.0,CEN,2015-01-01T03:00:00Z,9999-12-01T03:00:00Z,-31.353349934354952,-64.39377723374773,Córdoba,Renovable
96,89.0,LOS MOLINOS,LMO1HI,hidraulica,52.0,CEN,2015-01-01T03:00:00Z,9999-12-01T03:00:00Z,-31.838108535251564,-64.4462890122242,Córdoba,Renovable
97,110.0,LOS MOLINOS 2,LMO2HI,hidraulica,4.5,CEN,2015-01-01T03:00:00Z,9999-12-01T03:00:00Z,-31.84326498428112,-64.41494419510983,Córdoba,Renovable
98,743.0,P.A.H. BOCA DEL RIO,BRIOHI,hidraulica,0.5,CEN,2015-01-01T03:00:00Z,9999-12-01T03:00:00Z,-31.91350278000004,-65.11294166999996,Córdoba,Renovable
99,85.0,LA VINIA,LVINHI,hidraulica,16.0,CEN,2015-01-01T03:00:00Z,9999-12-01T03:00:00Z,-31.871482959189727,-65.03606534926406,Córdoba,Renovable
100,177.0,PIEDRAS MORAS,PMORHI,hidraulica,6.3,CEN,2015-01-01T03:00:00Z,9999-12-01T03:00:00Z,-32.16756108210075,-64.24375037775964,Córdoba,Renovable
101,84.0,BENJAMIN REOLIN,REOLHI,hidraulica,33.0,CEN,2015-01-01T03:00:00Z,9999-12-01T03:00:00Z,-32.190949957278725,-64.32306245148128,Córdoba,Renovable
102,83.0,CASSAFOUSTH,CASSHI,hidraulica,16.2,CEN,2015-01-01T03:00:00Z,9999-12-01T03:00:00Z,-32.17525311823313,-64.37441331274353,Córdoba,Renovable
103,87.0,FITZ SIMON,FSIMHI,hidraulica,10.5,CEN,2015-01-01T03:00:00Z,9999-12-01T03:00:00Z,-32.1784902540692,-64.42076475951578,Córdoba,Renovable
104,66.0,RIO GRANDE,RGDEHB,hidraulica,750.0,CEN,2015-01-01T03:00:00Z,9999-12-01T03:00:00Z,-32.22339976465174,-64.63877891503586,Córdoba,Renovable
105,108.0,LOS QUIROGA,LQUIHI,hidraulica,2.0,NOA,2015-01-01T03:00:00Z,9999-12-01T03:00:00Z,-27.65096268362793,-64.36181232861644,Santiago del Estero,Renovable
106,77.0,RIO HONDO,RHONHI,hidraulica,17.5,NOA,2015-01-01T03:00:00Z,9999-12-01T03:00:00Z,-27.52333472315746,-64.8858384223996,Santiago del Estero,Renovable
107,74.0,ESCABA,ESCAHI,hidraulica,24.0,NOA,2015-01-01T03:00:00Z,9999-12-01T03:00:00Z,-27.63718077285268,-65.74762403076241,Tucumán,Renovable
108,75.0,PUEBLO VIEJO,PVIEHI,hidraulica,15.0,NOA,2015-01-01T03:00:00Z,9999-12-01T03:00:00Z,-27.14488166374938,-65.75201040926102,Tucumán,Renovable
109,76.0,CADILLAL,CADIHI,hidraulica,12.6,NOA,2015-01-01T03:00:00Z,9999-12-01T03:00:00Z,-26.620049983107226,-65.1868321876443,Tucumán,Renovable
110,246.0,EL TUNAL,TUNAHI,hidraulica,10.52,NOA,2015-01-01T03:00:00Z,9999-12-01T03:00:00Z,-25.22703223671219,-64.47643051625246,Salta,Renovable
111,73.0,CABRA CORRAL,CCORHI,hidraulica,100.5,NOA,2015-01-01T03:00:00Z,9999-12-01T03:00:00Z,-25.27198003556954,-65.329999093087,Salta,Renovable
112,,CORRALITO,,hidraulica,16.0,NOA,2015-01-01T03:00:00Z,9999-12-01T03:00:00Z,-24.98303409624077,-65.68652714390232,Salta,Renovable
113,262.0,LOS MADERAS,LMADHI,hidraulica,30.6,NOA,2015-01-01T03:00:00Z,9999-12-01T03:00:00Z,-24.444198719243417,-65.21973649839283,Jujuy,Renovable
114,78.0,RIO REYES,RREYHI,hidraulica,7.0,NOA,2015-01-01T03:00:00Z,9999-12-01T03:00:00Z,-24.169483912115865,-65.49163488323623,Jujuy,Renovable
115,53.0,ATUCHA,ATUC,nuclear,362.0,BSAS,2015-01-01T03:00:00Z,9999-12-01T03:00:00Z,-33.96704909365257,-59.207073891908,Buenos Aires,Transicion
116,563.0,ATUCHA II,ATU2,nuclear,745.0,BSAS,2015-01-01T03:00:00Z,9999-12-01T03:00:00Z,-33.967257780190025,-59.20447618919897,Buenos Aires,Transicion
117,54.0,EMBALSE,EMBA,nuclear,648.0,CEN,2015-01-01T03:00:00Z,9999-12-01T03:00:00Z,-32.23170202446527,-64.44339765021772,Córdoba,Transicion
118,641.0,P.S. CAUCHARI 1,CAU1FV,solar,100.0,NOA,2015-01-01T03:00:00Z,9999-12-01T03:00:00Z,-24.105696371452296,-66.70784346239378,Jujuy,Renovable
119,642.0,P.S. CAUCHARI 2,CAU2FV,solar,100.0,NOA,2015-01-01T03:00:00Z,9999-12-01T03:00:00Z,-24.097109348711967,-66.71327360761052,Jujuy,Renovable
120,643.0,P.S. CAUCHARI 3,CAU3FV,solar,100.0,NOA,2015-01-01T03:00:00Z,9999-12-01T03:00:00Z,-24.0862082254414,-66.7196400225702,Jujuy,Renovable
121,736.0,P.S. ALTIPLANO I,ALT1FV,solar,100.0,NOA,2015-01-01T03:00:00Z,9999-12-01T03:00:00Z,-24.14960822043109,-66.89264789426461,Salta,Renovable
122,653.0,P.S. La Puna,LPUNFV,solar,100.0,NOA,2015-01-01T03:00:00Z,9999-12-01T03:00:00Z,-24.14883723168144,-66.90306875775889,Salta,Renovable
123,678.0,P.S. Cafayate,CAFAFV,solar,80.0,NOA,2015-01-01T03:00:00Z,9999-12-01T03:00:00Z,-26.0325876427206,-65.91794759603178,Salta,Renovable
124,681.0,P.S. Fiambala,FIAMFV,solar,11.0,NOA,2015-01-01T03:00:00Z,9999-12-01T03:00:00Z,-27.739444439999964,-67.64222221999995,Catamarca,Renovable
125,699.0,P.S. Saujil,SAUJFV,solar,22.5,NOA,2015-01-01T03:00:00Z,9999-12-01T03:00:00Z,-28.165537732753258,-66.22456586277302,Catamarca,Renovable
126,681.0,P.S. Fiambala,FIAMFV,solar,11.0,NOA,2015-01-01T03:00:00Z,9999-12-01T03:00:00Z,-27.739444439999964,-67.64222221999995,Catamarca,Renovable
127,703.0,P.S. Tinogasta,TINOFV,solar,15.0,NOA,2015-01-01T03:00:00Z,9999-12-01T03:00:00Z,-28.0355099474043,-67.55163256437677,Catamarca,Renovable
128,891.0,P.S.F.V TINOGASTA TOZZI,TINZFV,solar,10.0,NOA,2015-01-01T03:00:00Z,9999-12-01T03:00:00Z,-28.08779021172625,-67.53103607479717,Catamarca,Renovable
129,693.0,P.S. Nonogasta,NONOFV,solar,35.0,NOA,2015-01-01T03:00:00Z,9999-12-01T03:00:00Z,-29.330506050887628,-67.42438872419658,La Rioja,Renovable
130,831.0,Parque de los Llanos (MATER),LLANFV,solar,20.0,NOA,2015-01-01T03:00:00Z,9999-12-01T03:00:00Z,-30.29600000000002,-66.31399999999996,La Rioja,Renovable
131,845.0,Parque Solar Chepes LEDLAR,CHEPFV,solar,2.0,NOA,2015-01-01T03:00:00Z,9999-12-01T03:00:00Z,-31.34995423235423,-66.65643232588995,La Rioja,Renovable
132,770.0,P.S. GUAÑIZUIL II A,GZ2AFV,solar,100.0,CUY,2015-01-01T03:00:00Z,9999-12-01T03:00:00Z,-30.3676407047721,-69.2907260022031,San Juan,Renovable
133,685.0,PS. Iglesia Guañizuil,IGLEFV,solar,80.0,CUY,2015-01-01T03:00:00Z,9999-12-01T03:00:00Z,-30.356594259889725,-69.2908689357819,San Juan,Renovable
134,2013.0,Proyecto Solar Tamberias (MATER),TAMBFV,solar,2.7,CUY,2015-01-01T03:00:00Z,9999-12-01T03:00:00Z,-31.39695142522151,-69.464790478016,San Juan,Renovable
135,707.0,P.S. Ullum N1,ULN1FV,solar,25.0,CUY,2015-01-01T03:00:00Z,9999-12-01T03:00:00Z,-31.33181834797167,-68.66735400408898,San Juan,Renovable
136,705.0,P.S. Ullum 3,ULL3FV,solar,32.0,CUY,2015-01-01T03:00:00Z,9999-12-01T03:00:00Z,-31.334033069583896,-68.6727653202917,San Juan,Renovable
137,708.0,P.S. Ullum N2,ULN2FV,solar,25.0,CUY,2015-01-01T03:00:00Z,9999-12-01T03:00:00Z,-31.341972444295827,-68.66690350422779,San Juan,Renovable
138,890.0,P.S. SIERRAS DEL ULLUM,SULLFV,solar,78.0,CUY,2023-01-11T03:00:00Z,9999-12-31T03:00:00Z,-31.377419333968504,-68.66622496175088,San Juan,Renovable
139,706.0,P.S. Ullum 4,ULL4FV,solar,13.5,CUY,2015-01-01T03:00:00Z,9999-12-01T03:00:00Z,-31.38524463290253,-68.67810112379185,San Juan,Renovable
140,511.0,S.JUAN I FOTOVO,SJUAFV,solar,1.2,CUY,2015-01-01T03:00:00Z,9999-12-01T03:00:00Z,-31.38880391080972,-68.67515732680694,San Juan,Renovable
141,852.0,P.S. ULLUM 4 (AMPLIACION MATER),UL42FV,solar,7.0,CUY,2015-01-01T03:00:00Z,9999-12-01T03:00:00Z,-31.39072215602871,-68.68037795195164,San Juan,Renovable
142,827.0,Proyecto Solar Los Diaguitas (MATER),DIAGFV,solar,1.8,CUY,2015-01-01T03:00:00Z,9999-12-01T03:00:00Z,-31.36917727595068,-68.45650082365914,San Juan,Renovable
143,688.0,PS Las Lomitas,LLOMFV,solar,1.7,CUY,2015-01-01T03:00:00Z,9999-12-01T03:00:00Z,-31.40701111111091,-68.4779055555557,San Juan,Renovable
144,846.0,P.S. ANCHIPURAC,ANPCFV,solar,3.0,CUY,2015-01-01T03:00:00Z,9999-12-01T03:00:00Z,-31.60159258116591,-68.65022145406104,San Juan,Renovable
145,539.0,C.HOND 1 FOTOVO,HON1FV,solar,2.0,CUY,2015-01-01T03:00:00Z,9999-12-01T03:00:00Z,-31.986364352280475,-68.53982314222667,San Juan,Renovable
146,540.0,C.HOND 2 FOTOVO,HON2FV,solar,3.0,CUY,2015-01-01T03:00:00Z,9999-12-01T03:00:00Z,-31.987496394086577,-68.53998124999346,San Juan,Renovable
147,542.0,CHIMBE 1 FOTOVO,CHI1FV,solar,2.0,CUY,2015-01-01T03:00:00Z,9999-12-01T03:00:00Z,-31.989245141752026,-68.5398727329395,San Juan,Renovable
148,916.0,P.S.F.V. CAÑADA HONDA IV,HON4FV,solar,0.71,CUY,2023-02-09T03:00:00Z,9999-12-31T03:00:00Z,-31.99056410590285,-68.54068510883175,San Juan,Renovable
149,872.0,P.S. TIERRA SANTA,TSANFV,solar,0.45,CEN,2015-01-01T03:00:00Z,9999-12-01T03:00:00Z,-32.084507724656255,-65.68222701892935,San Luis,Renovable
150,712.0,Cerros del Sol,CSOLFV,solar,5.0,CEN,2015-01-01T03:00:00Z,9999-12-01T03:00:00Z,-33.18624833124323,-66.34941509344672,San Luis,Renovable
151,715.0,S. de la Punta,SPUNFV,solar,5.0,CEN,2015-01-01T03:00:00Z,9999-12-01T03:00:00Z,-33.19333825598006,-66.34981282730423,San Luis,Renovable
152,679.0,P.S. Caldenes O,CALOFV,solar,24.75,CEN,2015-01-01T03:00:00Z,9999-12-01T03:00:00Z,-33.29868333,-66.38711943999996,San Luis,Renovable
153,680.0,P.S. La Cumbre,CUMBFV,solar,22.0,CEN,2015-01-01T03:00:00Z,9999-12-01T03:00:00Z,-33.3186717325157,-66.17107308101984,San Luis,Renovable
154,858.0,P.S. La Cumbre II,CUM2FV,solar,4.0,CEN,2015-01-01T03:00:00Z,9999-12-01T03:00:00Z,-33.32340684320747,-66.16861242253174,San Luis,Renovable
155,422.0,PIQUIRENDA,PIQI,termicas,30.4,NOA,2015-01-01T03:00:00Z,9999-12-01T03:00:00Z,-22.349970943657965,-63.76665490190368,Salta,No Renovable
156,398.0,TARTAGAL,TART,termicas,11.0,NOA,2015-01-01T03:00:00Z,9999-12-01T03:00:00Z,-22.541200242528404,-63.80534389557549,Salta,No Renovable
157,493.0,ORAN ENARSA,ORAD,termicas,15.0,NOA,2015-01-01T03:00:00Z,9999-12-01T03:00:00Z,-23.135167273740308,-64.29926184369165,Salta,No Renovable
158,513.0,SMARTIN TABACAL,TABA,termicas,40.0,NOA,2015-01-01T03:00:00Z,9999-12-01T03:00:00Z,-23.25376052219842,-64.24109681547459,Salta,No Renovable
159,627.0,CAIMANCITO,CAIM,termicas,89.0,NOA,2015-01-01T03:00:00Z,9999-12-01T03:00:00Z,-23.733133011473868,-64.61513005777618,Jujuy,No Renovable
160,462.0,LIB. SAN MARTIN,LIBE,termicas,15.26,NOA,2015-01-01T03:00:00Z,9999-12-01T03:00:00Z,-23.82246173020451,-64.78427282050023,Jujuy,No Renovable
161,114.0,LEDESMA,LEDE,termicas,76.2,NOA,2015-01-01T03:00:00Z,9999-12-01T03:00:00Z,-23.82715824926344,-64.7933588752294,Jujuy,No Renovable
162,25.0,GUEMES,GUEM,termicas,364.0,NOA,2015-01-01T03:00:00Z,9999-12-01T03:00:00Z,-24.68926954182476,-65.04172110635048,Salta,No Renovable
163,349.0,TERMOANDES,TAND,termicas,643.0,NOA,2015-01-01T03:00:00Z,9999-12-01T03:00:00Z,-24.7437960153283,-65.05190139587384,Salta,No Renovable
164,459.0,JUAREZ,JUAR,termicas,4.0,NEA,2015-01-01T03:00:00Z,9999-12-01T03:00:00Z,-23.90892270532568,-61.831563996514575,Formosa,No Renovable
165,463.0,LAG. BLANCA,LBLA,termicas,7.0,NEA,2015-01-01T03:00:00Z,9999-12-01T03:00:00Z,-25.128954266799667,-58.25965456382449,Formosa,No Renovable
166,425.0,PIRANE,PIRA,termicas,16.25,NEA,2015-01-01T03:00:00Z,9999-12-01T03:00:00Z,-25.67873072069108,-59.07550691615396,Formosa,No Renovable
167,440.0,FORMOSA DELIVER,FORD,termicas,30.0,NEA,2015-01-01T03:00:00Z,9999-12-01T03:00:00Z,-26.17565934400148,-58.20991074534303,Formosa,No Renovable
168,417.0,CASTELLI,CAST,termicas,15.0,NEA,2015-01-01T03:00:00Z,9999-12-01T03:00:00Z,-25.95640323976413,-60.62031079379415,Chaco,No Renovable
169,586.0,P.ROCA CHACO,PROC,termicas,6.0,NEA,2015-01-01T03:00:00Z,9999-12-01T03:00:00Z,-26.157233921511995,-59.553848337272,Chaco,No Renovable
170,585.0,S.MART. CHACO,SCHA,termicas,15.0,NEA,2015-01-01T03:00:00Z,9999-12-01T03:00:00Z,-26.5583660715767,-59.32006831185238,Chaco,No Renovable
171,471.0,L.PALMAS ENARSA,LPAL,termicas,6.0,NEA,2015-01-01T03:00:00Z,9999-12-01T03:00:00Z,-27.02869439112287,-58.69954545534392,Chaco,No Renovable
172,418.0,SAENZ PEÑA,SPEN,termicas,20.0,NEA,2015-01-01T03:00:00Z,9999-12-01T03:00:00Z,-26.815665059824862,-60.41172834873285,Chaco,No Renovable
173,476.0,SAENZ PEÑA II,SPE2,termicas,15.0,NEA,2015-01-01T03:00:00Z,9999-12-01T03:00:00Z,-26.81507473905149,-60.412545878552926,Chaco,No Renovable
174,466.0,CHARATA ENARSA,CHAR,termicas,19.4,NEA,2015-01-01T03:00:00Z,9999-12-01T03:00:00Z,-27.2372619580196,-61.19439827149748,Chaco,No Renovable
175,470.0,V.ANGELA ENARSA,VANG,termicas,15.0,NEA,2015-01-01T03:00:00Z,9999-12-01T03:00:00Z,-27.58051222510698,-60.7098754608175,Chaco,No Renovable
176,756.0,C.T. LA ESCONDIDA.  INDUNOR S.A.,ESCO,termicas,10.0,NEA,2015-01-01T03:00:00Z,9999-12-01T03:00:00Z,-27.10676027119267,-59.44265911599612,Chaco,No Renovable
177,584.0,BARRANQ. DISTRI,BARD,termicas,21.7,NEA,2015-01-01T03:00:00Z,9999-12-01T03:00:00Z,-27.491004495261315,-58.92909560490445,Chaco,No Renovable
178,749.0,C.T. CITRUSVIL,CITR,termicas,3.0,NOA,2015-01-01T03:00:00Z,9999-12-01T03:00:00Z,-26.85245015264721,-65.13588815059951,Tucumán,No Renovable
179,666.0,INDEP 2 ETAP 1,IND1,termicas,50.0,NOA,2015-01-01T03:00:00Z,9999-12-01T03:00:00Z,-26.86464914803919,-65.22326356560201,Tucumán,No Renovable
180,667.0,INDEP 2 ETAP 2,IND2,termicas,50.0,NOA,2015-01-01T03:00:00Z,9999-12-01T03:00:00Z,-26.86499678492313,-65.22332641957351,Tucumán,No Renovable
181,15.0,INDEPENDENCIA,INDE,termicas,120.0,NOA,2015-01-01T03:00:00Z,9999-12-01T03:00:00Z,-26.866794333986213,-65.22301939474096,Tucumán,No Renovable
182,668.0,C.T BRACHO,BRCH,termicas,485.0,NOA,2015-01-01T03:00:00Z,9999-12-01T03:00:00Z,-26.99696942189305,-65.17048057460576,Tucumán,No Renovable
183,200.0,C.T. TUCUMAN,TUCU,termicas,447.0,NOA,2015-01-01T03:00:00Z,9999-12-01T03:00:00Z,-26.99733868930608,-65.16808022600098,Tucumán,No Renovable
184,350.0,PLUSPETROL NORT,PPNO,termicas,232.0,NOA,2015-01-01T03:00:00Z,9999-12-01T03:00:00Z,-26.99548532876701,-65.1614225417492,Tucumán,No Renovable
185,176.0,S.M. DE TUCUMAN,SMTU,termicas,382.23,NOA,2015-01-01T03:00:00Z,9999-12-01T03:00:00Z,-26.993419103954864,-65.1684229506896,Tucumán,No Renovable
186,776.0,C.T. COGENERACIÓN INGENIO LEALES,LEAL,termicas,2.0,NOA,2015-01-01T03:00:00Z,9999-12-01T03:00:00Z,-27.074066735983585,-65.22887986557488,Tucumán,No Renovable
187,574.0,LA PROVIDENCIA,PROV,termicas,9.0,NOA,2015-01-01T03:00:00Z,9999-12-01T03:00:00Z,-27.264532011040103,-65.56783219927311,Tucumán,No Renovable
188,464.0,ING.STA.BARBARA,ISBA,termicas,16.2,NOA,2015-01-01T03:00:00Z,9999-12-01T03:00:00Z,-27.464838858915023,-65.65374130495685,Tucumán,No Renovable
189,17.0,LA BANDA,LBAN,termicas,26.0,NOA,2015-01-01T03:00:00Z,9999-12-01T03:00:00Z,-27.75305658645818,-64.2649296958281,Santiago del Estero,No Renovable
190,18.0,FRIAS,FRIA,termicas,60.0,NOA,2015-01-01T03:00:00Z,9999-12-01T03:00:00Z,-28.607169656661497,-65.12262691714784,Santiago del Estero,No Renovable
191,414.0,AÑATUYA,ANAT,termicas,30.7,NOA,2015-01-01T03:00:00Z,9999-12-01T03:00:00Z,-28.44561968841235,-62.85533275918131,Santiago del Estero,No Renovable
192,583.0,BANDERA DISTRIB,BAND,termicas,31.0,NOA,2015-01-01T03:00:00Z,9999-12-01T03:00:00Z,-28.874967921822662,-62.28013212270625,Santiago del Estero,No Renovable
193,467.0,CT GOYA ENARSA,GOYD,termicas,13.0,NEA,2015-01-01T03:00:00Z,9999-12-01T03:00:00Z,-29.15848132887577,-59.2733093628777,Corrientes,No Renovable
194,423.0,STA ROSA CORR,SROS,termicas,6.0,NEA,2015-01-01T03:00:00Z,9999-12-01T03:00:00Z,-28.26262937671585,-58.12278750304541,Corrientes,No Renovable
195,677.0,BM Santa Rosa,BSRO,termicas,15.0,NEA,2015-01-01T03:00:00Z,9999-12-01T03:00:00Z,-28.23819438351658,-58.06710058964008,Corrientes,No Renovable
196,735.0,C.T. SAN ALONSO,ALON,termicas,37.0,NEA,2015-01-01T03:00:00Z,9999-12-01T03:00:00Z,-27.945407799224007,-56.00087105017925,Corrientes,No Renovable
197,395.0,POSADAS,POSA,termicas,21.0,NEA,2015-01-01T03:00:00Z,9999-12-01T03:00:00Z,-27.41832872081668,-55.90972371559054,Misiones,No Renovable
198,492.0,L N ALEM ENARSA,ALEM,termicas,15.0,NEA,2015-01-01T03:00:00Z,9999-12-01T03:00:00Z,-27.60904675397888,-55.2866667069672,Misiones,No Renovable
199,394.0,OBERA,OBER,termicas,12.0,NEA,2015-01-01T03:00:00Z,9999-12-01T03:00:00Z,-27.50188391936878,-55.12444298722673,Misiones,No Renovable
200,468.0,A.D.VALL.ENARSA,ARIS,termicas,15.0,NEA,2015-01-01T03:00:00Z,9999-12-01T03:00:00Z,-27.09228129729855,-54.86259001506211,Misiones,No Renovable
201,,PPEL MISIONERO,,termicas,22.0,NEA,2015-01-01T03:00:00Z,9999-12-01T03:00:00Z,-26.936095880140066,-55.12240324648159,Misiones,No Renovable
202,461.0,A.P. PTO PIRAY,PUPI,termicas,38.0,NEA,2015-01-01T03:00:00Z,9999-12-01T03:00:00Z,-26.47552622736844,-54.72040328180545,Misiones,No Renovable
203,695.0,AG PTO ESPERANZ,PESP,termicas,4.2,NEA,2015-01-01T03:00:00Z,9999-12-01T03:00:00Z,-26.02825538876872,-54.58467881989575,Misiones,No Renovable
204,,PTA CELULOSA,,termicas,30.0,NEA,2015-01-01T03:00:00Z,9999-12-01T03:00:00Z,-25.98843696927213,-54.63539739121795,Misiones,No Renovable
205,545.0,TINOGASTA ENARS,TINO,termicas,15.0,NOA,2015-01-01T03:00:00Z,9999-12-01T03:00:00Z,-28.048412031473177,-67.56631478009868,Catamarca,No Renovable
206,551.0,TEREVINTOS ENAR,TERV,termicas,8.0,NOA,2015-01-01T03:00:00Z,9999-12-01T03:00:00Z,-28.428658583668245,-65.78755002634054,Catamarca,No Renovable
207,426.0,CATAMARC DELIV,CATD,termicas,21.56,NOA,2015-01-01T03:00:00Z,9999-12-01T03:00:00Z,-28.47078762520278,-65.76481966926895,Catamarca,No Renovable
208,549.0,INTA CATAM ENAR,INTA,termicas,7.0,NOA,2015-01-01T03:00:00Z,9999-12-01T03:00:00Z,-28.473599650317333,-65.72762238091958,Catamarca,No Renovable
209,550.0,P.IND.CAT ENARS,PICA,termicas,15.0,NOA,2015-01-01T03:00:00Z,9999-12-01T03:00:00Z,-28.53378233388732,-65.80011648191226,Catamarca,No Renovable
210,624.0,VILLA OCAMPO,OCAM,termicas,47.0,LIT,2015-01-01T03:00:00Z,9999-12-01T03:00:00Z,-28.515988403969104,-59.345109856793925,Santa Fe,No Renovable
211,739.0,C.T. AVELLANEDA. SANTA FE,AVEL,termicas,6.0,LIT,2015-01-01T03:00:00Z,9999-12-01T03:00:00Z,-29.11793082200294,-59.640749460535794,Santa Fe,No Renovable
212,552.0,CERES    ENARSA,CERE,termicas,18.0,LIT,2015-01-01T03:00:00Z,9999-12-01T03:00:00Z,-29.888349704400405,-61.92967504701437,Santa Fe,No Renovable
213,433.0,RAFAELA,RAFA,termicas,19.2,LIT,2015-01-01T03:00:00Z,9999-12-01T03:00:00Z,-31.255529536965128,-61.5204279231104,Santa Fe,No Renovable
214,480.0,BRIGAD. LOPEZ,BLOP,termicas,280.5,LIT,2015-01-01T03:00:00Z,9999-12-01T03:00:00Z,-31.71020188776973,-60.78028145946373,Santa Fe,No Renovable
215,411.0,CT TIMBUES(GSMA,TIMB,termicas,865.14,LIT,2015-01-01T03:00:00Z,9999-12-01T03:00:00Z,-32.57768852237226,-60.79080460049413,Santa Fe,No Renovable
216,569.0,CT VUELTA OBLIG,VOBL,termicas,860.0,LIT,2015-01-01T03:00:00Z,9999-12-01T03:00:00Z,-32.58017874896623,-60.79029659544384,Santa Fe,No Renovable
217,621.0,RENOVA ALBANESI,RENO,termicas,165.0,LIT,2015-01-01T03:00:00Z,9999-12-01T03:00:00Z,-32.587162909072084,-60.792430098876864,Santa Fe,No Renovable
218,623.0,CAÑADA DE GOMEZ,CGOM,termicas,64.0,LIT,2015-01-01T03:00:00Z,9999-12-01T03:00:00Z,-32.76223101754864,-61.452018967701946,Santa Fe,No Renovable
219,716.0,COG Terminal 6,TER6,termicas,391.0,LIT,2015-01-01T03:00:00Z,9999-12-01T03:00:00Z,-32.6647018974483,-60.75010667957493,Santa Fe,No Renovable
220,406.0,MOLINOS AUTOG.,MOLI,termicas,27.0,LIT,2015-01-01T03:00:00Z,9999-12-01T03:00:00Z,-32.7744477297727,-60.72391430442102,Santa Fe,No Renovable
221,,SULFACID,,termicas,15.0,LIT,2015-01-01T03:00:00Z,9999-12-01T03:00:00Z,-32.78564883734042,-60.721274282337056,Santa Fe,No Renovable
222,6.0,SORRENTO,SORR,termicas,217.0,LIT,2015-01-01T03:00:00Z,9999-12-01T03:00:00Z,-32.90512697874819,-60.68026732192212,Santa Fe,No Renovable
223,622.0,PEREZ SECCO,PERZ,termicas,76.0,LIT,2015-01-01T03:00:00Z,9999-12-01T03:00:00Z,-33.01918171860095,-60.82490444244005,Santa Fe,No Renovable
224,812.0,C.T. VENADO TUERTO. BG. SEEDS ENERGY,VTBG,termicas,2.1,LIT,2015-01-01T03:00:00Z,9999-12-01T03:00:00Z,-33.69562318326106,-62.04078037647153,Santa Fe,No Renovable
225,434.0,V. TUERTO DELIV,VTUD,termicas,19.2,LIT,2015-01-01T03:00:00Z,9999-12-01T03:00:00Z,-33.77731729086674,-61.95458705332968,Santa Fe,No Renovable
226,588.0,RUFINO STA FE,RUFI,termicas,31.9,LIT,2015-01-01T03:00:00Z,9999-12-01T03:00:00Z,-34.2618968158737,-62.6887472874911,Santa Fe,No Renovable
227,589.0,LA PAZ E.RIOS,LPAZ,termicas,10.8,LIT,2015-01-01T03:00:00Z,9999-12-01T03:00:00Z,-30.750375060533976,-59.60168914245569,Entre Ríos,No Renovable
228,591.0,S.SALVADOR ERIO,SSAL,termicas,10.8,LIT,2015-01-01T03:00:00Z,9999-12-01T03:00:00Z,-31.61058455746713,-58.48812013630496,Entre Ríos,No Renovable
229,490.0,VIALE E. RÍOS,VIAL,termicas,10.0,LIT,2015-01-01T03:00:00Z,9999-12-01T03:00:00Z,-31.8980293801244,-60.01640975381919,Entre Ríos,No Renovable
230,791.0,C.T. POLLOS SAN MATEO,PSMA,termicas,2.8,CEN,2022-06-22T03:00:00Z,9999-12-31T03:00:00Z,-31.16749476982134,-64.13003128679588,Córdoba,No Renovable
231,791.0,C.T. POLLOS SAN MATEO,PSMA,termicas,2.8,CEN,2022-06-22T03:00:00Z,9999-12-31T03:00:00Z,-31.16749476982134,-64.13003128679588,Córdoba,No Renovable
232,41.0,SUD OESTE,SOES,termicas,100.0,CEN,2015-01-01T03:00:00Z,9999-12-01T03:00:00Z,-31.46289724594381,-64.23932382266368,Córdoba,No Renovable
233,375.0,MARIO SEVESO,MSEV,termicas,30.8,CEN,2015-01-01T03:00:00Z,9999-12-01T03:00:00Z,-31.42027497653252,-63.03897686931287,Córdoba,No Renovable
234,45.0,SAN FRANCISCO,SFRA,termicas,39.0,CEN,2015-01-01T03:00:00Z,9999-12-01T03:00:00Z,-31.43834872105571,-62.11119086496886,Córdoba,No Renovable
235,811.0,C.T. VILLA DEL ROSARIO,VROS,termicas,1.0,CEN,2015-01-01T03:00:00Z,9999-12-01T03:00:00Z,-31.57709346049365,-63.55289426850588,Córdoba,No Renovable
236,39.0,PILAR,PILA,termicas,484.0,CEN,2015-01-01T03:00:00Z,9999-12-01T03:00:00Z,-31.667756704896952,-63.834031361411554,Córdoba,No Renovable
237,773.0,C.T.  LAS JUNTURAS,JUNT,termicas,0.6,CEN,2015-01-01T03:00:00Z,9999-12-01T03:00:00Z,-31.829739302438227,-63.43115282165587,Córdoba,No Renovable
238,478.0,13 DE JULIO,RTER,termicas,26.0,CEN,2015-01-01T03:00:00Z,9999-12-01T03:00:00Z,-32.161097959487954,-64.15429200061736,Córdoba,No Renovable
239,628.0,RÍO TERC SOENER,SERT,termicas,60.0,CEN,2015-01-01T03:00:00Z,9999-12-01T03:00:00Z,-32.160605284187504,-64.15474605044619,Córdoba,No Renovable
240,662.0,V.MARIA UENSA,VMA2,termicas,254.0,CEN,2015-01-01T03:00:00Z,9999-12-01T03:00:00Z,-32.42618244963359,-63.17426387669559,Córdoba,No Renovable
241,42.0,VILLA MARIA,VMAR,termicas,48.0,CEN,2015-01-01T03:00:00Z,9999-12-01T03:00:00Z,-32.43139299279351,-63.19264457534719,Córdoba,No Renovable
242,567.0,M. JUAREZ EPEC,MJUA,termicas,13.16,CEN,2015-01-01T03:00:00Z,9999-12-01T03:00:00Z,-32.705442171247114,-62.1139174040138,Córdoba,No Renovable
243,429.0,BELL VILLE,BVIL,termicas,15.6,CEN,2015-01-01T03:00:00Z,9999-12-01T03:00:00Z,-32.610141901725015,-62.6858848494043,Córdoba,No Renovable
244,802.0,C.T. TICINO BIOMASA S.A.,TICI,termicas,4.0,CEN,2015-01-01T03:00:00Z,9999-12-01T03:00:00Z,-32.69990583018571,-63.43382899528878,Córdoba,No Renovable
245,790.0,C.T. PRODEMAN BIOENERGIA,PROD,termicas,10.0,CEN,2015-01-01T03:00:00Z,9999-12-01T03:00:00Z,-32.794087217387805,-63.865332141587785,Córdoba,No Renovable
246,762.0,C.T. GIGENA I,GIG1,termicas,1.2,CEN,2015-01-01T03:00:00Z,9999-12-01T03:00:00Z,-32.785749299845754,-64.19520968997988,Córdoba,No Renovable
247,416.0,ISLA VERDE,ISVE,termicas,24.5,CEN,2015-01-01T03:00:00Z,9999-12-01T03:00:00Z,-33.24205929319496,-62.393857765861945,Córdoba,No Renovable
248,675.0,BIO R.Cuarto 1,BRC1,termicas,2.4,CEN,2015-01-01T03:00:00Z,9999-12-01T03:00:00Z,-33.184545475193794,-64.38489041322177,Córdoba,No Renovable
249,676.0,BIO R.Cuarto 2,BRC2,termicas,1.2,CEN,2015-01-01T03:00:00Z,9999-12-01T03:00:00Z,-33.18048749252138,-64.38193985989425,Córdoba,No Renovable
250,102.0,MARANZANA,MMAR,termicas,348.0,CEN,2015-01-01T03:00:00Z,9999-12-01T03:00:00Z,-33.1607282255964,-64.36470590075008,Córdoba,No Renovable
251,798.0,C.T. BIOGENERADORA SANTA CATALINA. CORDOBA,SCAB,termicas,2.0,CEN,2015-01-01T03:00:00Z,9999-12-01T03:00:00Z,-33.22001450182905,-64.44713603842355,Córdoba,No Renovable
252,43.0,LEVALLE,LEVA,termicas,64.28,CEN,2015-01-01T03:00:00Z,9999-12-01T03:00:00Z,-34.03603047381026,-63.92190366027505,Córdoba,No Renovable
253,571.0,CB YANQUETRUZ,YANQ,termicas,1.5,CEN,2015-01-01T03:00:00Z,9999-12-01T03:00:00Z,-33.378338509473345,-65.56970635520656,San Luis,No Renovable
254,772.0,C.T. BIO JUSTO DARACT,JDAR,termicas,1.1,CEN,2015-01-01T03:00:00Z,9999-12-01T03:00:00Z,-33.913324365114384,-65.17503185990556,San Luis,No Renovable
255,868.0,C.T. TIGONBU,TIGO,termicas,2.0,CEN,2015-01-01T03:00:00Z,9999-12-01T03:00:00Z,-34.816403018717125,-65.26721309391306,San Luis,No Renovable
256,485.0,CHILECITO ENARS,CHLE,termicas,10.0,NOA,2015-01-01T03:00:00Z,9999-12-01T03:00:00Z,-29.15725167260372,-67.50740879264562,La Rioja,No Renovable
257,426.0,CATAMARC DELIV,CATD,termicas,21.56,NOA,2015-01-01T03:00:00Z,9999-12-01T03:00:00Z,-28.47078762520278,-65.76481966926895,Catamarca,No Renovable
258,549.0,INTA CATAM ENAR,INTA,termicas,7.0,NOA,2015-01-01T03:00:00Z,9999-12-01T03:00:00Z,-28.473599650317333,-65.72762238091958,Catamarca,No Renovable
259,551.0,TEREVINTOS ENAR,TERV,termicas,8.0,NOA,2015-01-01T03:00:00Z,9999-12-01T03:00:00Z,-28.428658583668245,-65.78755002634054,Catamarca,No Renovable
260,28.0,SARMIENTO SJ,SARC,termicas,30.0,CUY,2015-01-01T03:00:00Z,9999-12-01T03:00:00Z,-31.512829159703934,-68.53992484576321,San Juan,No Renovable
261,26.0,LUJAN DE CUYO,LDCU,termicas,571.0,CUY,2015-01-01T03:00:00Z,9999-12-01T03:00:00Z,-33.05568314300123,-68.98082787778036,Mendoza,No Renovable
262,27.0,CRUZ DE PIEDRA,CDPI,termicas,14.0,CUY,2015-01-01T03:00:00Z,9999-12-01T03:00:00Z,-33.034575534537304,-68.79576153088098,Mendoza,No Renovable
263,620.0,CT ANCHORI METH,ANCH,termicas,40.0,CUY,2015-01-01T03:00:00Z,9999-12-01T03:00:00Z,-33.313076562606426,-68.89147389728208,Mendoza,No Renovable
264,413.0,ALUAR,ALUAR,termicas,786.4,PAT,2015-01-01T03:00:00Z,9999-12-01T03:00:00Z,-42.73785022123399,-65.05389714454911,Chubut,No Renovable
265,,C.T. Manantiales Behr II,,termicas,58.0,PAT,2015-01-01T03:00:00Z,9999-12-01T03:00:00Z,-45.66145399842066,-67.8071595921762,Chubut,No Renovable
266,390.0,C.T. PATAGONIA,PATA,termicas,125.1,PAT,2015-01-01T03:00:00Z,9999-12-01T03:00:00Z,-45.79263115301527,-67.51355696711734,Chubut,No Renovable
267,383.0,CDRO RIVADAVIA,CRIV,termicas,73.0,PAT,2015-01-01T03:00:00Z,9999-12-01T03:00:00Z,-45.81514536056829,-67.44448552495321,Chubut,No Renovable
268,386.0,ELECTROPAT.,ELEP,termicas,63.0,PAT,2015-01-01T03:00:00Z,9999-12-01T03:00:00Z,-45.81514205470639,-67.44260587156654,Chubut,No Renovable
269,385.0,YPF LOS PERALES,YPFA,termicas,77.6,PAT,2015-01-01T03:00:00Z,9999-12-01T03:00:00Z,-46.19666082436253,-69.26535142807613,Santa Cruz,No Renovable
270,558.0,HUEMUL SINOPEC,HUEM,termicas,29.67,PAT,2015-01-01T03:00:00Z,9999-12-01T03:00:00Z,-46.56437010691216,-68.34058498696302,Santa Cruz,No Renovable
271,590.0,MESETA ESPINOSA,MESE,termicas,8.6,PAT,2015-01-01T03:00:00Z,9999-12-01T03:00:00Z,-46.585336299174045,-67.70106412651472,Santa Cruz,No Renovable
272,388.0,PICO TRUNCADO 1,PTR1,termicas,45.0,PAT,2015-01-01T03:00:00Z,9999-12-01T03:00:00Z,-46.784503010467205,-67.95030779152229,Santa Cruz,No Renovable
273,593.0,RIO TURBIO,RTUR,termicas,240.0,PAT,2015-01-01T03:00:00Z,9999-12-01T03:00:00Z,-51.54611976419772,-72.23114285618756,Santa Cruz,No Renovable
274,608.0,RIO CHICO,RCHI,termicas,106.0,PAT,2015-01-01T03:00:00Z,9999-12-01T03:00:00Z,-51.66708814336609,-69.21646692792166,Santa Cruz,No Renovable
275,,RIO CHICO DI,,termicas,12.0,PAT,2015-01-01T03:00:00Z,9999-12-01T03:00:00Z,-51.64554640346646,-69.23172530212888,Santa Cruz,No Renovable
276,496.0,BARILOCHE ENARS,BARI,termicas,20.0,COM,2015-01-01T03:00:00Z,9999-12-01T03:00:00Z,-41.158335198607126,-71.25252885406267,Río Negro,No Renovable
277,107.0,TERMOROCA,ROCA,termicas,192.53,COM,2015-01-01T03:00:00Z,9999-12-01T03:00:00Z,-38.94593520801572,-67.60085988105223,Río Negro,No Renovable
278,,IMEXTRADE,,termicas,6.0,COM,2015-01-01T03:00:00Z,9999-12-01T03:00:00Z,-38.836776465244085,-68.03890892677383,Río Negro,No Renovable
279,456.0,CIPOLLETI (ENA,CIPO,termicas,5.0,COM,2015-01-01T03:00:00Z,9999-12-01T03:00:00Z,-38.91333026726931,-67.9417414845449,Río Negro,No Renovable
280,2.0,ALTO VALLE,AVAL,termicas,96.0,COM,2015-01-01T03:00:00Z,9999-12-01T03:00:00Z,-38.95215988540009,-68.02181580567742,Neuquén,No Renovable
281,3.0,AGUA DEL CAJON,ACAJ,termicas,184.1,COM,2015-01-01T03:00:00Z,9999-12-01T03:00:00Z,-38.93631045394287,-68.35730714771748,Neuquén,No Renovable
282,363.0,CAPEX AUTOPROD.,CAPE,termicas,477.1,COM,2015-01-01T03:00:00Z,9999-12-01T03:00:00Z,-38.93647994132438,-68.35545505069116,Neuquén,No Renovable
283,263.0,PLAZA HUINCUL,PHUI,termicas,36.83,COM,2015-01-01T03:00:00Z,9999-12-01T03:00:00Z,-38.93034179080067,-69.16853418631372,Neuquén,No Renovable
284,596.0,LOMA CAMPANA,LCAM,termicas,105.0,COM,2015-01-01T03:00:00Z,9999-12-01T03:00:00Z,-38.3595604538842,-68.71482423581212,Neuquén,No Renovable
285,650.0,Loma Campana 2,LCA2,termicas,105.0,COM,2015-01-01T03:00:00Z,9999-12-01T03:00:00Z,-38.35980125105822,-68.71483939368554,Neuquén,No Renovable
286,855.0,CT LOMA DE LA LATA MOTORES,LDLM,termicas,15.0,COM,2015-01-01T03:00:00Z,9999-12-01T03:00:00Z,-38.510974439702274,-68.60637825899376,Neuquén,No Renovable
287,97.0,CT NEUQUEN,LDLA,termicas,645.0,COM,2015-01-01T03:00:00Z,9999-12-01T03:00:00Z,-38.51265797655148,-68.60617036417187,Neuquén,No Renovable
288,346.0,ENTRE LOMAS,ELOM,termicas,23.0,COM,2015-01-01T03:00:00Z,9999-12-01T03:00:00Z,-38.18434746405143,-68.11959353798906,Río Negro,No Renovable
289,243.0,P.HERNANDEZ YPF,PHDZ,termicas,40.0,COM,2015-01-01T03:00:00Z,9999-12-01T03:00:00Z,-37.33092176417415,-69.2774661005121,Neuquén,No Renovable
290,472.0,AG. LOMITAS,ALOM,termicas,20.0,COM,2015-01-01T03:00:00Z,9999-12-01T03:00:00Z,-37.33331255052801,-69.22869568927835,Neuquén,No Renovable
291,4.0,FILO MORADO,FILO,termicas,62.9,COM,2015-01-01T03:00:00Z,9999-12-01T03:00:00Z,-37.27471442493732,-69.6525010991813,Neuquén,No Renovable
292,360.0,EL TRAPIAL,TRAP,termicas,18.5,COM,2015-01-01T03:00:00Z,9999-12-01T03:00:00Z,-37.367848821606536,-69.28052334326335,Neuquén,No Renovable
293,,USINA CAMPAMENTO,,termicas,20.0,COM,2015-01-01T03:00:00Z,9999-12-01T03:00:00Z,-37.36876483717469,-69.28175013096133,Neuquén,No Renovable
294,733.0,C.T. AB ENERGIA. 25 DE MAYO . LA PAMPA,ABBG,termicas,2.0,COM,2015-01-01T03:00:00Z,9999-12-01T03:00:00Z,-37.90198461088866,-67.71559053575966,La Pampa,No Renovable
295,487.0,REALICO,REAL,termicas,24.0,COM,2015-01-01T03:00:00Z,9999-12-01T03:00:00Z,-35.05513951236685,-64.25239478181084,La Pampa,No Renovable
296,629.0,CT MATHEU III,MAT3,termicas,264.0,GBA,2015-01-01T03:00:00Z,9999-12-01T03:00:00Z,-34.397226672750335,-58.83529492615386,Buenos Aires,No Renovable
297,615.0,PILAR BSAS,PILB,termicas,96.0,GBA,2015-01-01T03:00:00Z,9999-12-01T03:00:00Z,-34.40322092715038,-58.96605226011374,Buenos Aires,No Renovable
298,882.0,C.T. BIOGAS SAN MARTIN NORTE III D,SM3D,termicas,5.1,GBA,2015-01-01T03:00:00Z,9999-12-01T03:00:00Z,-34.52089509111176,-58.62705924893909,Buenos Aires,No Renovable
299,520.0,S.MIGUEL N ENAR,SMIG,termicas,11.5,GBA,2015-01-01T03:00:00Z,9999-12-01T03:00:00Z,-34.5260674382151,-58.61816251093551,Buenos Aires,No Renovable
300,221.0,C.T. GENELBA,GEBA,termicas,1042.0,GBA,2015-01-01T03:00:00Z,9999-12-01T03:00:00Z,-34.90221111784421,-58.73347259132582,Buenos Aires,No Renovable
301,616.0,CT EZEIZA,EZEI,termicas,150.0,GBA,2015-01-01T03:00:00Z,9999-12-01T03:00:00Z,-34.90327586130508,-58.61566981525381,Buenos Aires,No Renovable
302,587.0,S.VICENTE BSAS,SVIC,termicas,27.6,GBA,2015-01-01T03:00:00Z,9999-12-01T03:00:00Z,-35.04342456147024,-58.32544569449155,Buenos Aires,No Renovable
303,547.0,ALTE BROWN ENAR,ABRO,termicas,25.0,GBA,2015-01-01T03:00:00Z,9999-12-01T03:00:00Z,-34.837557866919155,-58.405191227531,Buenos Aires,No Renovable
304,49.0,DOCK SUD,DSUD,termicas,869.5,GBA,2015-01-01T03:00:00Z,9999-12-01T03:00:00Z,-34.653184615981466,-58.34174438805627,Buenos Aires,No Renovable
305,178.0,AUTOPROD.SHELL,SHEL,termicas,27.0,GBA,2015-01-01T03:00:00Z,9999-12-01T03:00:00Z,-34.650610124418684,-58.33176092054334,Buenos Aires,No Renovable
306,605.0,MOTORES COSTANE,COSM,termicas,35.6,GBA,2015-01-01T03:00:00Z,9999-12-01T03:00:00Z,-34.627583290943704,-58.33888835101555,CABA,No Renovable
307,175.0,BUENOS AIRES,BSAS,termicas,321.6,GBA,2015-01-01T03:00:00Z,9999-12-01T03:00:00Z,-34.62636802575316,-58.33730209008252,CABA,No Renovable
308,47.0,COSTANERA,COST,termicas,1982.0,GBA,2015-01-01T03:00:00Z,9999-12-01T03:00:00Z,-34.624853849156466,-58.33970616790359,CABA,No Renovable
309,51.0,PUERTO NUEVO,PNUE,termicas,589.0,GBA,2015-01-01T03:00:00Z,9999-12-01T03:00:00Z,-34.575702236509,-58.37604731661961,CABA,No Renovable
310,52.0,NUEVO PUERTO,NPUE,termicas,1188.0,GBA,2015-01-01T03:00:00Z,9999-12-01T03:00:00Z,-34.57170661750469,-58.38211451313936,CABA,No Renovable
311,793.0,C.T. RESENER I,RES1,termicas,1.2,BSAS,2015-01-01T03:00:00Z,9999-12-01T03:00:00Z,-38.69607809727317,-62.46579893677345,Buenos Aires,No Renovable
312,592.0,GUILLERMO BROWN,BROW,termicas,582.6,BSAS,2015-01-01T03:00:00Z,9999-12-01T03:00:00Z,-38.68547162408803,-62.41424291600725,Buenos Aires,No Renovable
313,512.0,ECOENERG CERRI,CERI,termicas,13.2,BSAS,2015-01-01T03:00:00Z,9999-12-01T03:00:00Z,-38.68598025625143,-62.39617041918992,Buenos Aires,No Renovable
314,460.0,SOLALBAN,SOLA,termicas,120.8,BSAS,2015-01-01T03:00:00Z,9999-12-01T03:00:00Z,-38.77796708607635,-62.29082620895122,Buenos Aires,No Renovable
315,30.0,BAHIA BLANCA,BBLA,termicas,620.0,BSAS,2015-01-01T03:00:00Z,9999-12-01T03:00:00Z,-38.78758100518434,-62.2540987908499,Buenos Aires,No Renovable
316,661.0,MOTOR. B.BLANCA,BBLM,termicas,96.0,BSAS,2015-01-01T03:00:00Z,9999-12-01T03:00:00Z,-38.78518121925525,-62.25307995471608,Buenos Aires,No Renovable
317,896.0,C.T. BIO DE SOUZA,SOUZ,termicas,0.61,BSAS,2023-02-25T03:00:00Z,9999-12-31T03:00:00Z,-37.65697424424671,-61.874216220959326,Buenos Aires,No Renovable
318,29.0,NECOCHEA,NECO,termicas,204.0,BSAS,2015-01-01T03:00:00Z,9999-12-01T03:00:00Z,-38.57849290111437,-58.71045013329131,Buenos Aires,No Renovable
319,632.0,BARKER UGENERGY,BRKE,termicas,260.0,BSAS,2015-01-01T03:00:00Z,9999-12-01T03:00:00Z,-37.54747417865319,-59.45258642806435,Buenos Aires,No Renovable
320,559.0,MIRAMAR I ENARS,MIR1,termicas,20.0,BSAS,2015-01-01T03:00:00Z,9999-12-01T03:00:00Z,-38.247225316095694,-57.82463722525124,Buenos Aires,No Renovable
321,31.0,MAR DEL PLATA,MDPA,termicas,178.0,BSAS,2015-01-01T03:00:00Z,9999-12-01T03:00:00Z,-38.05020004302159,-57.546469758973,Buenos Aires,No Renovable
322,665.0,MAR DEL PLATA 2,MDP2,termicas,102.0,BSAS,2015-01-01T03:00:00Z,9999-12-01T03:00:00Z,-38.0509628204351,-57.54629415499096,Buenos Aires,No Renovable
323,32.0,VILLA GESELL,VGES,termicas,125.0,BSAS,2015-01-01T03:00:00Z,9999-12-01T03:00:00Z,-37.24896210444879,-56.99760819977808,Buenos Aires,No Renovable
324,35.0,MAR DE AJO,MDAJ,termicas,30.0,BSAS,2015-01-01T03:00:00Z,9999-12-01T03:00:00Z,-36.72077028430905,-56.69394017708728,Buenos Aires,No Renovable
325,760.0,C.T. General Alvear,GALV,termicas,1.07,BSAS,2015-01-01T03:00:00Z,9999-12-01T03:00:00Z,-36.0162412371168,-60.106227528217815,Buenos Aires,No Renovable
326,486.0,VILLEGAS ENARSA,VGAD,termicas,23.5,BSAS,2015-01-01T03:00:00Z,9999-12-01T03:00:00Z,-35.03492581278032,-62.99814197744895,Buenos Aires,No Renovable
327,785.0,C.T. PACUCA BIO ENERGIA. ROQUE PEREZ. BSAS.,PACU,termicas,1.2,BSAS,2015-01-01T03:00:00Z,9999-12-01T03:00:00Z,-35.383181470564416,-59.44235820016646,Buenos Aires,No Renovable
328,481.0,LINCOLN,LINC,termicas,15.0,BSAS,2015-01-01T03:00:00Z,9999-12-01T03:00:00Z,-34.85690968388304,-61.52040883428055,Buenos Aires,No Renovable
329,663.0,BRAGADO II,BRA2,termicas,59.0,BSAS,2015-01-01T03:00:00Z,9999-12-01T03:00:00Z,-35.13519833740736,-60.43421702554578,Buenos Aires,No Renovable
330,664.0,BRAGADO III,BRA3,termicas,59.0,BSAS,2015-01-01T03:00:00Z,9999-12-01T03:00:00Z,-35.13378732722976,-60.43514851121186,Buenos Aires,No Renovable
331,516.0,LOBOS ENARSA,LOBO,termicas,19.68,BSAS,2015-01-01T03:00:00Z,9999-12-01T03:00:00Z,-35.19111218978375,-59.078613113270976,Buenos Aires,No Renovable
332,261.0,NIDERA JUNIN,NIDE,termicas,7.0,BSAS,2015-01-01T03:00:00Z,9999-12-01T03:00:00Z,-34.58675674108428,-61.03091623869644,Buenos Aires,No Renovable
333,33.0,JUNIN,JUNI,termicas,22.4,BSAS,2015-01-01T03:00:00Z,9999-12-01T03:00:00Z,-34.57108864885207,-60.91613190824394,Buenos Aires,No Renovable
334,548.0,MAGDALENA ENARS,MAGD,termicas,25.0,GBA,2015-01-01T03:00:00Z,9999-12-01T03:00:00Z,-35.10013742381439,-57.4843302668866,Buenos Aires,No Renovable
335,432.0,LA PLATA,LPLA,termicas,40.4,GBA,2015-01-01T03:00:00Z,9999-12-01T03:00:00Z,-34.9349660240086,-58.01816900687364,Buenos Aires,No Renovable
336,714.0,CG La Plata YPF,LPLC,termicas,84.0,GBA,2015-01-01T03:00:00Z,9999-12-01T03:00:00Z,-34.894496496860505,-57.920373709371816,Buenos Aires,No Renovable
337,244.0,CO. ENSENADA,ENSE,termicas,128.0,GBA,2015-01-01T03:00:00Z,9999-12-01T03:00:00Z,-34.89178135550524,-57.92335836096743,Buenos Aires,No Renovable
338,48.0,DIQUE,DIQU,termicas,55.0,GBA,2015-01-01T03:00:00Z,9999-12-01T03:00:00Z,-34.89052275126154,-57.932316836408376,Buenos Aires,No Renovable
339,479.0,ENSE. BARRAGAN,EBAR,termicas,818.0,GBA,2015-01-01T03:00:00Z,9999-12-01T03:00:00Z,-34.85880925783,-57.95227993492404,Buenos Aires,No Renovable
340,755.0,C.T. ENSENADA. BRS,ENRS,termicas,5.3,GBA,2015-01-01T03:00:00Z,9999-12-01T03:00:00Z,-34.85173704999996,-57.96610647999994,Buenos Aires,No Renovable
341,412.0,GRAL BELGRANO,GBEL,termicas,873.0,BSAS,2015-01-01T03:00:00Z,9999-12-01T03:00:00Z,-34.184651519208714,-59.00618087446076,Buenos Aires,No Renovable
342,,SIDERCA,,termicas,37.5,BSAS,2015-01-01T03:00:00Z,9999-12-01T03:00:00Z,-34.15156312759068,-58.97595689160947,Buenos Aires,No Renovable
343,625.0,SALTOII SOENERG,SAL2,termicas,60.0,BSAS,2015-01-01T03:00:00Z,9999-12-01T03:00:00Z,-34.3045880881631,-60.22368176633458,Buenos Aires,No Renovable
344,453.0,CAPITAN SARMIEN,CSAR,termicas,5.0,BSAS,2015-01-01T03:00:00Z,9999-12-01T03:00:00Z,-34.16383872021153,-59.76819216367065,Buenos Aires,No Renovable
345,894.0,C.T. BIO-EITTOR ENERGY,EITO,termicas,1.43,BSAS,2023-02-15T03:00:00Z,9999-12-31T03:00:00Z,-34.073846270914686,-59.075340590161375,Buenos Aires,No Renovable
346,631.0,C.T ZARATE,ZARA,termicas,212.0,BSAS,2015-01-01T03:00:00Z,9999-12-01T03:00:00Z,-34.080928939824105,-59.12540969376067,Buenos Aires,No Renovable
347,508.0,ARRECIFES ENARS,ARRE,termicas,20.0,BSAS,2015-01-01T03:00:00Z,9999-12-01T03:00:00Z,-34.04187389842585,-60.13007752315536,Buenos Aires,No Renovable
348,484.0,COLON BSAS,COLB,termicas,15.3,BSAS,2015-01-01T03:00:00Z,9999-12-01T03:00:00Z,-33.922067497132964,-61.07674839437352,Buenos Aires,No Renovable
349,787.0,C.T. PERGAMINO,PERG,termicas,2.4,BSAS,2015-01-01T03:00:00Z,9999-12-01T03:00:00Z,-33.923902572386645,-60.53871789037792,Buenos Aires,No Renovable
350,626.0,SAN PEDRO BSAS,PEDR,termicas,159.0,BSAS,2015-01-01T03:00:00Z,9999-12-01T03:00:00Z,-33.77915378601279,-59.72974237560425,Buenos Aires,No Renovable
351,734.0,C.T. ARREBEEF ENERGIA,ABEF,termicas,1.5,BSAS,2015-01-01T03:00:00Z,9999-12-01T03:00:00Z,-33.762503042696075,-60.09087475820934,Buenos Aires,No Renovable
352,630.0,G ROJO R.ENERGY,ROJO,termicas,258.0,BSAS,2015-01-01T03:00:00Z,9999-12-01T03:00:00Z,-33.45496461081261,-60.28166768345584,Buenos Aires,No Renovable
353,100.0,ACEROS PARANA,APAR,termicas,150.0,BSAS,2015-01-01T03:00:00Z,9999-12-01T03:00:00Z,-33.364148760098466,-60.14568092072529,Buenos Aires,No Renovable
354,322.0,AES-PARANA,AESP,termicas,870.0,BSAS,2015-01-01T03:00:00Z,9999-12-01T03:00:00Z,-33.35488320396164,-60.17184630728504,Buenos Aires,No Renovable
355,5.0,SAN NICOLAS,SNIC,termicas,675.0,BSAS,2015-01-01T03:00:00Z,9999-12-01T03:00:00Z,-33.35620929772016,-60.17302726296696,Buenos Aires,No Renovable
